{"assets/LK.jpg":["assets/LK.jpg"],"assets/Logo.png":["assets/Logo.png"],"assets/PK.jpg":["assets/PK.jpg"],"assets/download.png":["assets/download.png"],"assets/ic_launcher.png":["assets/ic_launcher.png"],"assets/ic_launcher_adaptive_back.png":["assets/ic_launcher_adaptive_back.png"],"assets/ic_launcher_adaptive_fore.png":["assets/ic_launcher_adaptive_fore.png"],"assets/images.jpg":["assets/images.jpg"],"assets/wesscosoft-logo.png":["assets/wesscosoft-logo.png"],"lib/CSC/assets/country.json":["lib/CSC/assets/country.json"],"packages/cupertino_icons/assets/CupertinoIcons.ttf":["packages/cupertino_icons/assets/CupertinoIcons.ttf"],"packages/syncfusion_flutter_pdfviewer/assets/highlight.png":["packages/syncfusion_flutter_pdfviewer/assets/highlight.png"],"packages/syncfusion_flutter_pdfviewer/assets/squiggly.png":["packages/syncfusion_flutter_pdfviewer/assets/squiggly.png"],"packages/syncfusion_flutter_pdfviewer/assets/strikethrough.png":["packages/syncfusion_flutter_pdfviewer/assets/strikethrough.png"],"packages/syncfusion_flutter_pdfviewer/assets/underline.png":["packages/syncfusion_flutter_pdfviewer/assets/underline.png"],"packages/timezone/data/latest_all.tzf":["packages/timezone/data/latest_all.tzf"]}